"Key","Publication Year","Title","Rights","Archive","Archive Location"
"QRAE92S3","2020","A high frequency CLLLC bi-directional series resonant converter DAB using an integrated PCB winding transformer","Industry Texas Instrument","Vin=380-600V, Vo=300-420V, fs=500kHz","Power=6.6kW, PD=4.64kW/L, Eff_pk=0.98, Eff_avg=0.965"
"B3426XEB","2021","A high-efficiency high-power-density on-board low-voltage DC–DC converter for electric vehicles application","Queen'sU","Vin=250-430V, Vo=9-16V, fs = 260-400kHz","Power=3kW, PD=3kW/L, Eff_pk=0.969,  Eff_avg=0.95, Eff_low=0.961"
"4CXST3VN","2012","A Novel ZVZCS Full-Bridge DC/DC Converter Used for Electric Vehicles","Queen'sU","Vin=235-431V, Vo=11.5-15V, fs=220kHz","Power=3kW, Eff_pk=0.975,  Eff_avg=0.955, Eff_low=0.93"
"4WBEVQ6M","2013","Enhanced modulation strategy for a three-phase dual active bridge—boosting efficiency of an electric vehicle converter","RWTH","Vin=100-170V, Vo=10-16V, fs = 100kHz","Power=2kW, PD=1kW/L, Eff_pk=0.943,  Eff_avg=0.928, Eff_low=0.928-0.945(500W)"
"BYM6A8VT","2012","A soft switching three-phase current-fed bidirectional DC-DC converter with high efficiency over a wide input voltage range","FSU","Vin=24-48V, Vo=288V, fs = 40kHz","Power=6kW, Eff_pk=0.964,  Eff_avg=0.94, Eff_low=0.92(2.5kW)"
"3LRAT3Z4","2016","Performance Evaluation of a Three-Phase Dual Active Bridge DC–DC Converter With Different Transformer Winding Configurations","TU/e","",""
"Q4JUGPLB","2015","New interleaved current-fed resonant converter with significantly reduced high current side output filter for EV and HEV applications","","",""
"EXGB9V22","2023","New integrated DC–DC conversion system for electric vehicles","Yonsei Univ.","Vin=135-170V, Vo=12V, fs=90kHz","Power=1.2kW, Eff_pk=0.98, Eff_avg = 0.96"
"QA6I2DZ6","2023","Fixed-frequency circulant phase-shift controlled current-fed resonant converter with wide voltage gain range","HIT Shenzhen","",""
"MFEBJ7W7","2024","Model and control of a current-fed dual active bridge based ultrawide-voltage-range auxiliary power module for 400 V/800 V electric vehicles","UTK","Vin=180-900V, Vo=6-16V, fs=80kHz","Power=3.2kW, Eff_pk=0.97,  Eff_avg=0.95"
"J6ZTSTD5","2012","Double-clamp ZVS converter interfaces high voltage traction batteries with 12V legacy system in hybrid and pure-electric vehicles","Industry Vicor","Vin=160-420V, Vo=12.5-15.5V","Power=0.45kW, PD=54kW/L, Eff_pk=0.934, Eff_avg = 0.94"
"DQGIR86L","2021","Power density optimization of 700 kHz GaN-based auxiliary power module for electric vehicles","Seoul Tech","Vin=200-310V, Vo=12.8-15.1V, fs=700kHz","Power=1.8kW, PD=8.1kW/L, Eff_pk=0.9187,  Eff_avg=0.9, Eff_low=0.9(800W)"
"SXC5KYEI","2020","Two-stage vs one-stage design for a bidirectional 400V/12V 6kW auxiliary power module in electric vehicles","UTK","",""
"EM88JF8J","2022","Auxiliary power module elimination in evs using dual inverter drivetrain","U of T","",""
"Y9XYILBK","2015","Evaluation of integrated active filter auxiliary power modules in electrified vehicle applications","McMaster","",""
"8EJKU7WA","2017","Applied integrated active filter auxiliary power module for electrified vehicles with single-phase onboard chargers","McMaster","",""
"R3HTMEH3","2023","Development of phase-shift full-bridge converter with integrated winding planar two-transformer for LDC","Inha Univ.","Vin=400-800V, Vo=13-15V, fs=200kHz","Power=2.1kW, PD=5.2kW/L, Eff_pk=0.954,  Eff_avg=0.935, Eff_low=0.95(1kW)"
"7R47DTII","2021","Design of an isolated bidirectional DC–DC converter with built-in filters for high power density","Industry Toyota Central R&D Labs","",""
"D58RNFFM","2015","Double-phase high-efficiency, wide load range high- voltage/low-voltage LLC DC/DC converter for electric/hybrid vehicles","Supélec","Vin=330-410V, Vo=14V, fs=250kHz","Power=2.5kW, PD=1kW/L, Eff_pk=0.95,  Eff_avg=0.94, Eff_low=0.943(1kW)"
"CQXKLCRV","2023","An ultra-high gain current-fed universal auxiliary power module for 400V/800V electric vehicles","UTK","",""
"ZDEUF5YT","2017","A primary full-integrated active filter auxiliary power module in electrified vehicles with single-phase onboard chargers","McMaster","Vin=100-320V, Vo=12V, fs = 100kHz","Power=0.72kW, PD=0.363kW/L, Eff_pk=0.977, Eff_avg = 0.935"
"K2PCKAIJ","2010","Accurate power loss model derivation of a high-current dual active bridge converter for an automotive application","ETH","Vin=240-450V, Vo=11-16V, fs = 100kHz","Power=2kW, PD=1.535kW/L(case), Eff_pk=0.956,  Eff_avg=0.92,"
"V3CSN6NF","2012","A load adaptive control approach for a zero-voltage-switching DC/DC converter used for electric vehicles","Queen'sU","",""
"NP642NW3","2009","Accurate small-signal model for the digital control of an automotive bidirectional dual active bridge","ETH","",""
"CTWMB26L","2021","Design a 400 V–12 V 6 kW bidirectional auxiliary power module for electric or autonomous vehicles with fast precharge dynamics and zero DC-bias current","UTK","Vin=250-450V, Vo=10-16V, fs = 200kHz","Power=6kW, PD=2.6 kW/L, Eff_pk=0.962,  Eff_avg=0.94, Eff_low=0.96(1kW)"
"F9S52GIS","2024","A spurious-free piezoelectric resonator based 3.2 kW DC–DC converter for EV on-board chargers","","",""
"XVMBM6K6","2017","Design and operation considerations of three-phase dual active bridge converters for low-power applications with wide voltage ranges","RWTH","Vin=260-450V, Vo=10-16V, fs = 100kHz","Power=3kW, PD=1kW/L, Eff_pk=0.956,  Eff_avg=0.921"
"HF7QYUBU","2014","A wide bandgap device-based isolated quasi-switched-capacitor DC/DC converter","OSU","Vin=300V, Vo=12V, fs=500-600kHz","Power=1kW, PD=0.957(case), Eff_pk=0.96, Eff_avg=0.91"
"V7Z7Q83H","2021","Two-mode low-voltage DC/DC converter with high and wide input voltage range","Inha Univ.","Vin=350-800V, Vo=13.9V, fs=70kHz","Power=0.6kW, Eff_pk=0.926, Eff_avg = 0.91"
"V8CX2XVU","2015","Design of a 2.5-kW 400/12-V high-efficiency DC/DC converter using a novel synchronous rectification control for electric vehicles","Kettering Univ.","Vin=220-450V, Vo=6-16V, fs = 90-200kHz","Power=2.5kW,  Eff_pk=0.932,  Eff_avg=0.92, Eff_low=0.93(1kW)"
"9DHSZ965","2014","Design and control of a bidirectional resonant DC–DC converter for automotive engine/battery hybrid power generators","Seoul Tech","Vin=380-400V, Vo=24-28V, fs=48kHz","Power=5kW,  Eff_pk=0.9513,  Eff_avg=0.934, Eff_low=0.9508(1.5kW)"
"ZRTG4E9A","2013","Implementation of a novel digital active EMI technique in a DSP-based DC–DC digital controller used in electric vehicle (EV)","Queen'sU","Vin=235-431V, Vo=11.5-15V, fs=200kHz","Power=2kW,  Eff_pk=0.932,  Eff_avg=0.92, Eff_low=0.93"
"3ZWI3EBS","2017","Topology and control scheme of OBC–LDC integrated power unit for electric vehicles","SKKU","",""
"SGHAXNFW","2019","Zero‐voltage soft‐switching DC–DC converter‐based charger for LV battery in hybrid electric vehicles","http://onlinelibrary.wiley.com/termsAndConditions#vor","",""
"Y66NNDSW","2019","Implement of high efficiency achievement algorithm of LDC for xEV based on GaN HEMT","Daejin Univ.","",""
"CDDHE4IB","2017","An integrated battery charger with high power density and efficiency for electric vehicles","https://ieeexplore.ieee.org/Xplorehelp/downloads/license-information/IEEE.html","",""
"CEX76RM7","2020","Wide-input-voltage-range 3 kW DC-DC converter with hybrid LLC & boundary / discontinuous mode control","ETH","",""
"PQYQ4RN5","2020","Integrated magnetics design for a full-bridge phase-shifted converter","National Ilan Univ.","Vin=400V, Vo=12V, fs=80kHz","Power=1.7kW, PD=2.28kW/L(case), Eff_pk=0.967, Eff_avg = 0.955"
"IPJK8ESY","2012","Transformer integrated with additional resonant inductor for phase-shift full-bridge converter with primary clamping diodes","KAIST","Vin=320-400V, Vo=12V, fs = 86kHz","Power=1.2kW, Eff_pk=0.957, Eff_avg = 0.945"
"3LPAZP55","2009","ZVS phase shift full bridge converter with separated primary winding","KAIST","Vin=329-400V, Vo=12V, fs=86kHz","Power=1.2kW, Eff_pk=0.956, Eff_avg=0.945"
"EKQTKXEX","2022","New combined OBC and LDC system for electric vehicles with 800 V battery","Inha Univ.","",""
"XIJ2RVSH","2021","DC-DC converters for transportation electrification: Topologies, control, and future challenges","","",""
"JK7FYUB3","2024","Identifying suitable PSFB topology for HVLV auxiliary power supply (APS) application in evs","Industry Wolfspeed","",""
"S8NBI4WD","2021","Self-adaptive synchronous rectifier control algorithm of phase-shifted full bridge current double rectifier converter","Zhejiang Univ.","Vin=280-400V, Vo=14V, fs=100kHz","Power=1.5kW, Eff_pk=0.93, Eff_avg = 0.913"
"W5I2SP4V","2024","Multiport converter based auxiliary power supply for heavy duty fuel cell power train","ORNL","",""
"V4B9BFMH","2021","An effective integration of APM and OBC with simultaneous operation and entire ZVS range for electric vehicle","Seoul Tech","",""
"WALCI7AK","2023","Two-transformer phase-shift full-bridge converter with a new rectifier for reducing conduction loss","Inha Univ.","Vin=300-400V, Vo=12V, fs=100kHz","Power=0.4kW, Eff_pk=0.937, Eff_avg = 0.91"
"3LTFIZNH","2023","Zero-voltage-switching high-step-down buck converter with continuous output current","IUT","",""
"S93ZWP5S","2012","Efficiency-optimized high-current dual active bridge converter for automotive applications","","",""
"WGEPS8VF","2014","Efficiency optimized single-stage reconfigurable DC/DC converter for hybrid and electric vehicles","Industry Infineon","Vin=180-420V, Vo=10.6-16V, fs=100kHz","Power=1.05kW, Eff_pk=0.9"
"VI57WME3","2020","Unidirectional three phase dual active bridge DC-DC converter used in electrical vehicles","","",""
"WXGLWHQ9","2008","A three-phase bidirectional DC-DC converter for automotive applications","ORNL","Vin=250-400V, Vo=42V, fs=40kHz","Power=6kW, Eff_pk=0.959,  Eff_avg=0.948, Eff_low=0.95(1.5kW)"
"MMLQNX9V","2019","Design and operation of a fail-operational 5kW 800V-12V DC-DC converter","","",""
"N9IIH8DE","","BCMs transform high-voltage batteries into SELV systems","","",""
"CVMCAMHB","2010","for the degree of doctor of sciences","","",""
"Z4L5ABDF","","ETH zurich power electronic systems laboratory physikstrasse 3 | ETL I12 8092 zurich | switzerland","","",""
"UMSK6GHW","2016","High-frequency DC-DC converter in electric vehicle based on GaN transistors","","",""
"8U6NIID5","2015","Interleaved boost-integrated LLC resonant converter with fixed-frequency PWM control for renewable energy generation applications","","",""
"NEAW83WH","2012","High frequency bus converter with low loss integrated matrix transformer","","",""
"GZ83EA2X","2023","Variable Turns-Ratio Matrix Transformer based LLC Converter for Two-Stage Electric Vehicle Auxiliary Power Module Applications","","",""
"BS7QXB32","2017","Dual-Bridge LLC Resonant Converter With Fixed-Frequency PWM Control for Wide Input Applications","","",""
"JHPXTSUZ","2022","Implementation of an Auxiliary Low-Voltage DC Power Supply from an Electric Traction Open-Ended Motor Drive Configuration","","",""
"5LRWRN5C","2024","Interleaved PCB Winding Planar Transformer for Electric Vehicle Charging CLLC Converters","","",""
"4Y7UEVDT","2012","Design of a Highly efficient bidirectional isolated LLC resonant converter","ETH","Vin=450V, Vo=17-56V, fs=140kHz","Power=1.65kW, Eff_pk=0.976, Eff_avg = 0.96"
"XPFQFC7Y","","Vitesco Technologies - High Voltage DC/DC Converter - 4th Generation","Industry Vitesco Technologies","Vin=245-450V, Vo=8-16V","Power=3.6kW, PD=1.5kW/L"
"JD6ZEGEX","2018","PP30_Power supply_Passenger car solution_Products and Solutions_Suzhou Inovance Automotive Co., Ltd.","Industry Inovance Auomotive","Vin=180-480V, Vo=9-16V","Power=3kW, Eff_pk=0.975,  Eff_avg=0.955, Eff_low=0.93"
"TW9UHIWR","2021","High-voltage DC/DC converter generation 3evo","","Vin=240-475V, Vo=10.5-15.5V","Power=3.6kW, Eff_pk=0.95, Eff_avg=0.922"
"PT3PV3TK","","DC DC Converter 1500w | EMP EV MOBILITY","Industry ev mobility","Vin=200-420V, Vo=6-18V","Power=1.5kW, PD=0.251kW/L(case), Eff_pk=0.951, Eff_avg = 0.92"
"GVWAASJU","","400V DC/DC Converter - Delta","Industry Delta","Vin=200-480V, Vo=9-16V","Power=2.5kW, PD=1.785kW/L(case),  Eff_pk=0.953,  Eff_avg=0.921"
"MAKMQZP3","2023","High-voltage DC/DC converter","Industry Eaton","Vin=225-455V, Vo=12-16V","Power=3kW, PD=0.645kW/L(case), Eff_pk=0.941,  Eff_avg=0.927"
"ELZN8M3R","","800V DC/DC Converter - Delta","Industry Delta","Vin=390-935V, Vo=9-16V","Power=3kW, PD=1.55kW/L(case) Eff_pk=0.943,  Eff_avg=0.955, Eff_low=0.92"
"P2FHZBZ2","2024","Power modules meet EV power demands that have increased by 20x","Industry Vicor","Vin=400V, Vo=13.8V, fs=1300kHz","Power=4kW, PD=5.22kW/L, Eff_pk=0.95,  Eff_avg=0.95"
"FE8YUYXZ","","LSM4k0-400-2, 4kW LSM DC-DC - 400V in, 24V Out, Droop CS","Industry AstrodyneTDI","Vin=290-430V, Vo=22-30V","Power=4kW, PD=1.16kW/L, Eff_pk=0.94,  Eff_avg=0.95"
"9JQG5Z24","","Variable Ratio Matrix Transformer based LLC Converter for Two-Stage Low-Voltage DC-DC Converter Efficiency Improvement","Virginia Tech","",""
"LSG4VF7S","","350DNC40-12 - 4000W, 12V, DC-DC HEV Down Converter | Bel Fuse","Industry Bel Fuse Inc","Vin=240-430V, Vo=9-16V","Power=4kW, PD=0.632kW/L, Eff_pk=0.93,  Eff_avg=0.91"
"CEGEGETG","2023","700DNG40-24-8 - 4000W, 24V, DC-DC HEV Down Converter | Bel Fuse","Industry Bel Fuse Inc","Vin=450-900V, Vo=20-30V","Power=4kW, PD=0.776kW/L, Eff_pk=0.95,  Eff_avg=0.91"
"IX2DTSW5","2023","bsc6xx, DC/DC Converter - 125 A, 220 - 450 V, 24 V","Industry BRUSA HyPower","Vin=220-450V, Vo=8-16V","Power=2.8kW, PD=0.889kW/L, Eff_pk=0.944,  Eff_avg=0.92"