citationKey,itemKey,Number
hou_dynamic_nodate-1,B2ZKLPK8,147
park_bidirectional_2021,VK53LW7W,157
han_wide-range_2019,74E3N7FG,135
zhu_ultra-high_2023,CQXKLCRV,25
jia_gan_2024,YHWQFHYP,114
noauthor_high-voltage_2021,TW9UHIWR,78
knabben_wide-input-voltage-range_2020,CEX76RM7,42
moon_new_2015,Q4JUGPLB,10
noauthor_automotive_nodate,GN3Q6FPI,90
kim_integrated_2017,CDDHE4IB,41
zhou_high-efficiency_2021,B3426XEB,5
noauthor_800v_2022,ELZN8M3R,86
minli_gan-based_2022,82Z6T75S,112
sun_interleaved_2015,8U6NIID5,64
gao_hybrid-level_2023,BATBQPRG,145
mustafa_dual_2021,XV5LD2GK,4
zhu_design_2021,CTWMB26L,30
hoek_design_2017,XVMBM6K6,32
noauthor_bsc7xx_nodate,GYZNK83S,97
noauthor_dcdc_nodate-4,GE2Z6K5P,98
yaqoob_four-degrees--freedom_2019,G6A55KQB,146
noauthor_700dng40-24-8_2023,CEGEGETG,95
krismer_accurate_2009,NP642NW3,29
noauthor_pc41_power_nodate,7YZ6IBGD,74
aouiti_unidirectional_2020,VI57WME3,57
noauthor_dc_nodate,PT3PV3TK,81
gurudiwan_zvs_2024,ZVD3CMH8,137
van_hoek_enhanced_2013,4WBEVQ6M,7
han_accurate_2017,F8GGVP6A,141
qiu_dynamic_2023,RFBW2VFB,126
noauthor_crd-60dd12n-k_nodate,QTTL4IRQ,80
chen_bidirectional_2023-1,FWW2KC2Q,124
zeljkovic_efficiency_2014,WGEPS8VF,56
gu_fixed-frequency_2023,QA6I2DZ6,12
xuewei_naturally_2015,UI27D7B2,103
sun_total_2022,CNENCE9U,111
krismer_efficiency-optimized_2012,S93ZWP5S,54
hamza_implementation_2013,ZRTG4E9A,37
hou_evaluation_2015,Y9XYILBK,20
yang_time-domain_2020,ULAXW4BN,138
ding_self-adaptive_2021,S8NBI4WD,49
krismer_for_2010,CVMCAMHB,61
salato_double-clamp_2012,J6ZTSTD5,16
yu_effective_2021,V4B9BFMH,51
cunico_efficiency-optimized_2021,YCHN2GMY,99
spiazzi_analysis_nodate-1,B8J43FAJ,148
james_adaptive_2022,KUC9FYQ7,108
lee_analysis_2012,J2H9K8GY,153
noauthor_vitesco_nodate-3,TIUSW488,72
foti_implementation_2022,JHPXTSUZ,68
pahlevaninezhad_load_2012,V3CSN6NF,28
noauthor_vitesco_nodate-2,IM85GF8T,160
xu_family_2023,EEMPKKQ3,117
riedel_zvs_2017,66TPIRQU,133
lim_half-bridge_2020,J5YUQQFU,106
noauthor_pc36_power_nodate,9GHGB9V5,76
noauthor_pp30_power_2018,JD6ZEGEX,75
bai_bidirectional_2022,F5RJYQPT,169
greg_unprecedented_2024,B6AIILXE,88
jung_bi-directional_2023,TD87NBCF,168
noauthor_bcms_nodate,N9IIH8DE,60
bai_highly_2020,Q3R9ISTP,127
mahdavifard_asymmetrical_2022,2SM5XESI,136
noauthor_hella_nodate,IBVBCEV8,161
hu_operation_2019,8WMSPWW3,116
zhang_wide_2014,HF7QYUBU,33
noauthor_ev_nodate,7HDK2J6R,82
noauthor_brightloop_2024,4WDLXTQF,159
kim_topology_2017,3ZWI3EBS,38
montazerolghaem_zero-voltage-switching_2023,3LTFIZNH,53
yu_high_2020,QRAE92S3,1
hillers_design_2012,4Y7UEVDT,70
zhang_novel_2021,KDS5WX3Z,2
park_design_2014,9DHSZ965,36
jia_simple_2024,SGQ7XAHQ,122
park_investigation_2019,HNA78TM4,119
hou_applied_2017,8EJKU7WA,21
noauthor_charger-converter_nodate,J6B93Z94,77
noauthor_dcdc_2024-2,T86NNX25,158
noauthor_bidirectional_nodate-2,NVF6KPA8,155
jiang_variable_2024,UQC4CB3D,167
knabben_new_2018,UV25BGEU,3
jia_gan-based_2023,QSETZB6W,113
carvalho_comparative_2024,MDG46CGQ,115
sayed_zerovoltage_2019,SGHAXNFW,39
hu_dual-bridge_2021-1,HS89YXY5,132
duan_design_2015,V8CX2XVU,35
noauthor_learn_nodate,BWUL3IEC,87
gandluru_identifying_2024,JK7FYUB3,48
baars_performance_2016,3LRAT3Z4,9
wouters_interleaved_2024,5LRWRN5C,69
noauthor_pc32_power_nodate,SQ9DMVJA,73
zhu_two-stage_2020,SXC5KYEI,18
lee_development_2023,R3HTMEH3,22
viana_auxiliary_2022,EM88JF8J,19
krismer_accurate_2010,K2PCKAIJ,27
noauthor_lsm4k0-400-2_nodate,FE8YUYXZ,92
chen_bidirectional_2023,VIZRV5X9,150
sebastian_nonlinear_2022,GN94U9AA,123
sha_voltage-fed_2019,R84XQCCP,100
mirtchev_design_2022,Q27N9EE3,107
gu_hybrid-pwm-controlled_2021,GWQ2UJFG,118
hou_ultra-wide_2024,5BLF6DI5,165
yang_double-phase_2015,D58RNFFM,24
noauthor_integrate_nodate,TJUGTU74,79
bez_low-complexity_2018,SDVYZKLF,140
gao_underresonant_2024,A8N56FJ5,144
noauthor_vitesco_nodate,XPFQFC7Y,71
corradini_minimum_2012,NJE4Q6JC,142
wu_llc_2016,P6WH3P4K,121
noauthor_400v_2021,GVWAASJU,83
chen_dc-dc_2021,XIJ2RVSH,47
kim_new_2023,EXGB9V22,11
noauthor_dcdc_2024-1,KGKHRV8S,163
zanatta_design_2022,VGBMSKV7,129
mukherjee_multiport_2024,W5I2SP4V,50
young-do_kim_zvs_2009,3LPAZP55,45
schafer_highly_nodate,AAJAU8V4,171
pahlevaninezhad_novel_2012,4CXST3VN,6
stolt_spurious-free_2024,F9S52GIS,31
han_general_2019,P2LUIBFV,134
zhu_model_2024,MFEBJ7W7,15
reusch_high_2012,NEAW83WH,65
kim_pwm-controlled_2021,92MV2RPZ,151
kieu_dual_2025,2VUH78KD,166
noauthor_power_2024,P2FHZBZ2,89
xiaodong_li_analysis_2010,KV933MIQ,120
choi_optimize_nodate,QJZ8VFCI,91
bai_bidirectional_2022-1,JGT6HYHI,170
han_control_2018,EEUYAH45,139
noauthor_high-voltage_2023,MAKMQZP3,85
wu_interleaved_2017,EA9SA6V9,154
liu_integrated_2020,PQYQ4RN5,43
kim_implement_2019,Y66NNDSW,40
xu_high_2019,IKQH37F2,102
shen_structure-reconfigurable_2019,UZKFINRE,152
jeong_two-transformer_2023,WALCI7AK,52
noauthor_bsc6xx_2023,IX2DTSW5,96
lim_phase-shifted_2019,TQHUQYIR,105
zhang_modulation_2022,RJQHBXF5,14
noauthor_structure-reconfigurable_nodate,YDIR8WHU,156
sun_generalized_2023,5WIEMC4V,13
hou_primary_2017,ZDEUF5YT,26
hou_variable_nodate,9JQG5Z24,93
zou_gan_2023,FEMNLBC3,109
noauthor_48v_nodate,D4ARSWJP,84
inoue_design_2021,7R47DTII,23
jia_control_2023,EDX6ZEHS,164
badstuebner_optimization_2011,6W6P8GCM,104
shakib_frequency_2017,E47BY7P8,128
gu_interleaved_2024,7YRU3PER,130
pei_phase-shift_2024,UKW2V2W6,125
gao_low-side-extended-phase-shift-under-resonant_2024,H9NBVZ42,143
coolgan_path_nodate,5FYRFHES,172
pang_high-frequency_2016,UMSK6GHW,63
su_three-phase_2008,WXGLWHQ9,58
bertino_design_2019,MMLQNX9V,59
lee_new_2022,EKQTKXEX,46
apte_design_2021,HT24DA6K,110
lee_two-mode_2021,V7Z7Q83H,34
naradhipa_power_2021,DQGIR86L,17
noauthor_dcdc_2024,PE86SFTA,162
noauthor_350dnc40-12_nodate,LSG4VF7S,94
cho_transformer_2012,IPJK8ESY,44
noauthor_gen5_nodate,XSEV2QY2,101
wang_soft_2012,BYM6A8VT,8
shi_burst-mode_2020,TMG7P8P6,131
hou_variable_2023,GZ83EA2X,66
sun_dual-bridge_2017-1,BS7QXB32,67
kim_highly_2021,ATET4KMW,149
kim_wide-range_2013,CFJEJ8DZ,55
zhang_eth_nodate,Z4L5ABDF,62
