Key,Publication Year,Title,Rights,Archive,Archive Location,citationKey,Number
QRAE92S3,2020.0,A high frequency CLLLC bi-directional series resonant converter DAB using an integrated PCB winding transformer,Industry Texas Instrument,"Vin=380-600V, Vo=300-420V, fs=500kHz","Power=6.6kW, PD=4.64kW/L, Eff_pk=0.98, Eff_avg=0.965",yu_high_2020,1
B3426XEB,2021.0,A high-efficiency high-power-density on-board low-voltage DC–DC converter for electric vehicles application,Queen'sU,"Vin=250-430V, Vo=9-16V, fs = 260-400kHz","Power=3kW, PD=3kW/L, Eff_pk=0.969,  Eff_avg=0.95, Eff_low=0.961",zhou_high-efficiency_2021,2
4CXST3VN,2012.0,A Novel ZVZCS Full-Bridge DC/DC Converter Used for Electric Vehicles,Queen'sU,"Vin=235-431V, Vo=11.5-15V, fs=220kHz","Power=3kW, Eff_pk=0.975,  Eff_avg=0.955, Eff_low=0.93",pahlevaninezhad_novel_2012,3
4WBEVQ6M,2013.0,Enhanced modulation strategy for a three-phase dual active bridge—boosting efficiency of an electric vehicle converter,RWTH,"Vin=100-170V, Vo=10-16V, fs = 100kHz","Power=2kW, PD=1kW/L, Eff_pk=0.943,  Eff_avg=0.928, Eff_low=0.928-0.945(500W)",van_hoek_enhanced_2013,4
BYM6A8VT,2012.0,A soft switching three-phase current-fed bidirectional DC-DC converter with high efficiency over a wide input voltage range,FSU,"Vin=24-48V, Vo=288V, fs = 40kHz","Power=6kW, Eff_pk=0.964,  Eff_avg=0.94, Eff_low=0.92(2.5kW)",wang_soft_2012,5
3LRAT3Z4,2016.0,Performance Evaluation of a Three-Phase Dual Active Bridge DC–DC Converter With Different Transformer Winding Configurations,TU/e,,,baars_performance_2016,6
Q4JUGPLB,2015.0,New interleaved current-fed resonant converter with significantly reduced high current side output filter for EV and HEV applications,,,,moon_new_2015,7
EXGB9V22,2023.0,New integrated DC–DC conversion system for electric vehicles,Yonsei Univ.,"Vin=135-170V, Vo=12V, fs=90kHz","Power=1.2kW, Eff_pk=0.98, Eff_avg = 0.96",kim_new_2023,8
QA6I2DZ6,2023.0,Fixed-frequency circulant phase-shift controlled current-fed resonant converter with wide voltage gain range,HIT Shenzhen,,,gu_fixed-frequency_2023,9
MFEBJ7W7,2024.0,Model and control of a current-fed dual active bridge based ultrawide-voltage-range auxiliary power module for 400 V/800 V electric vehicles,UTK,"Vin=180-900V, Vo=6-16V, fs=80kHz","Power=3.2kW, Eff_pk=0.97,  Eff_avg=0.95",zhu_model_2024,10
J6ZTSTD5,2012.0,Double-clamp ZVS converter interfaces high voltage traction batteries with 12V legacy system in hybrid and pure-electric vehicles,Industry Vicor,"Vin=160-420V, Vo=12.5-15.5V","Power=0.45kW, PD=54kW/L, Eff_pk=0.934, Eff_avg = 0.94",salato_double-clamp_2012,11
DQGIR86L,2021.0,Power density optimization of 700 kHz GaN-based auxiliary power module for electric vehicles,Seoul Tech,"Vin=200-310V, Vo=12.8-15.1V, fs=700kHz","Power=1.8kW, PD=8.1kW/L, Eff_pk=0.9187,  Eff_avg=0.9, Eff_low=0.9(800W)",naradhipa_power_2021,12
SXC5KYEI,2020.0,Two-stage vs one-stage design for a bidirectional 400V/12V 6kW auxiliary power module in electric vehicles,UTK,,,zhu_two-stage_2020,13
EM88JF8J,2022.0,Auxiliary power module elimination in evs using dual inverter drivetrain,U of T,,,viana_auxiliary_2022,14
Y9XYILBK,2015.0,Evaluation of integrated active filter auxiliary power modules in electrified vehicle applications,McMaster,,,hou_evaluation_2015,15
8EJKU7WA,2017.0,Applied integrated active filter auxiliary power module for electrified vehicles with single-phase onboard chargers,McMaster,,,hou_applied_2017,16
R3HTMEH3,2023.0,Development of phase-shift full-bridge converter with integrated winding planar two-transformer for LDC,Inha Univ.,"Vin=400-800V, Vo=13-15V, fs=200kHz","Power=2.1kW, PD=5.2kW/L, Eff_pk=0.954,  Eff_avg=0.935, Eff_low=0.95(1kW)",lee_development_2023,17
7R47DTII,2021.0,Design of an isolated bidirectional DC–DC converter with built-in filters for high power density,Industry Toyota Central R&D Labs,,,inoue_design_2021,18
D58RNFFM,2015.0,"Double-phase high-efficiency, wide load range high- voltage/low-voltage LLC DC/DC converter for electric/hybrid vehicles",Supélec,"Vin=330-410V, Vo=14V, fs=250kHz","Power=2.5kW, PD=1kW/L, Eff_pk=0.95,  Eff_avg=0.94, Eff_low=0.943(1kW)",yang_double-phase_2015,19
CQXKLCRV,2023.0,An ultra-high gain current-fed universal auxiliary power module for 400V/800V electric vehicles,UTK,,,zhu_ultra-high_2023,20
ZDEUF5YT,2017.0,A primary full-integrated active filter auxiliary power module in electrified vehicles with single-phase onboard chargers,McMaster,"Vin=100-320V, Vo=12V, fs = 100kHz","Power=0.72kW, PD=0.363kW/L, Eff_pk=0.977, Eff_avg = 0.935",hou_primary_2017,21
K2PCKAIJ,2010.0,Accurate power loss model derivation of a high-current dual active bridge converter for an automotive application,ETH,"Vin=240-450V, Vo=11-16V, fs = 100kHz","Power=2kW, PD=1.535kW/L(case), Eff_pk=0.956,  Eff_avg=0.92,",krismer_accurate_2010,22
V3CSN6NF,2012.0,A load adaptive control approach for a zero-voltage-switching DC/DC converter used for electric vehicles,Queen'sU,,,pahlevaninezhad_load_2012,23
NP642NW3,2009.0,Accurate small-signal model for the digital control of an automotive bidirectional dual active bridge,ETH,,,krismer_accurate_2009,24
CTWMB26L,2021.0,Design a 400 V–12 V 6 kW bidirectional auxiliary power module for electric or autonomous vehicles with fast precharge dynamics and zero DC-bias current,UTK,"Vin=250-450V, Vo=10-16V, fs = 200kHz","Power=6kW, PD=2.6 kW/L, Eff_pk=0.962,  Eff_avg=0.94, Eff_low=0.96(1kW)",zhu_design_2021,25
F9S52GIS,2024.0,A spurious-free piezoelectric resonator based 3.2 kW DC–DC converter for EV on-board chargers,,,,stolt_spurious-free_2024,26
XVMBM6K6,2017.0,Design and operation considerations of three-phase dual active bridge converters for low-power applications with wide voltage ranges,RWTH,"Vin=260-450V, Vo=10-16V, fs = 100kHz","Power=3kW, PD=1kW/L, Eff_pk=0.956,  Eff_avg=0.921",hoek_design_2017,27
HF7QYUBU,2014.0,A wide bandgap device-based isolated quasi-switched-capacitor DC/DC converter,OSU,"Vin=300V, Vo=12V, fs=500-600kHz","Power=1kW, PD=0.957(case), Eff_pk=0.96, Eff_avg=0.91",zhang_wide_2014,28
V7Z7Q83H,2021.0,Two-mode low-voltage DC/DC converter with high and wide input voltage range,Inha Univ.,"Vin=350-800V, Vo=13.9V, fs=70kHz","Power=0.6kW, Eff_pk=0.926, Eff_avg = 0.91",lee_two-mode_2021,29
V8CX2XVU,2015.0,Design of a 2.5-kW 400/12-V high-efficiency DC/DC converter using a novel synchronous rectification control for electric vehicles,Kettering Univ.,"Vin=220-450V, Vo=6-16V, fs = 90-200kHz","Power=2.5kW,  Eff_pk=0.932,  Eff_avg=0.92, Eff_low=0.93(1kW)",duan_design_2015,30
9DHSZ965,2014.0,Design and control of a bidirectional resonant DC–DC converter for automotive engine/battery hybrid power generators,Seoul Tech,"Vin=380-400V, Vo=24-28V, fs=48kHz","Power=5kW,  Eff_pk=0.9513,  Eff_avg=0.934, Eff_low=0.9508(1.5kW)",park_design_2014,31
ZRTG4E9A,2013.0,Implementation of a novel digital active EMI technique in a DSP-based DC–DC digital controller used in electric vehicle (EV),Queen'sU,"Vin=235-431V, Vo=11.5-15V, fs=200kHz","Power=2kW,  Eff_pk=0.932,  Eff_avg=0.92, Eff_low=0.93",hamza_implementation_2013,32
3ZWI3EBS,2017.0,Topology and control scheme of OBC–LDC integrated power unit for electric vehicles,SKKU,,,kim_topology_2017,33
SGHAXNFW,2019.0,Zero‐voltage soft‐switching DC–DC converter‐based charger for LV battery in hybrid electric vehicles,http://onlinelibrary.wiley.com/termsAndConditions#vor,,,sayed_zerovoltage_2019,34
Y66NNDSW,2019.0,Implement of high efficiency achievement algorithm of LDC for xEV based on GaN HEMT,Daejin Univ.,,,kim_implement_2019,35
CDDHE4IB,2017.0,An integrated battery charger with high power density and efficiency for electric vehicles,https://ieeexplore.ieee.org/Xplorehelp/downloads/license-information/IEEE.html,,,kim_integrated_2017,36
CEX76RM7,2020.0,Wide-input-voltage-range 3 kW DC-DC converter with hybrid LLC & boundary / discontinuous mode control,ETH,,,knabben_wide-input-voltage-range_2020,37
PQYQ4RN5,2020.0,Integrated magnetics design for a full-bridge phase-shifted converter,National Ilan Univ.,"Vin=400V, Vo=12V, fs=80kHz","Power=1.7kW, PD=2.28kW/L(case), Eff_pk=0.967, Eff_avg = 0.955",liu_integrated_2020,38
IPJK8ESY,2012.0,Transformer integrated with additional resonant inductor for phase-shift full-bridge converter with primary clamping diodes,KAIST,"Vin=320-400V, Vo=12V, fs = 86kHz","Power=1.2kW, Eff_pk=0.957, Eff_avg = 0.945",cho_transformer_2012,39
3LPAZP55,2009.0,ZVS phase shift full bridge converter with separated primary winding,KAIST,"Vin=329-400V, Vo=12V, fs=86kHz","Power=1.2kW, Eff_pk=0.956, Eff_avg=0.945",young-do_kim_zvs_2009,40
EKQTKXEX,2022.0,New combined OBC and LDC system for electric vehicles with 800 V battery,Inha Univ.,,,lee_new_2022,41
XIJ2RVSH,2021.0,"DC-DC converters for transportation electrification: Topologies, control, and future challenges",,,,chen_dc-dc_2021,42
JK7FYUB3,2024.0,Identifying suitable PSFB topology for HVLV auxiliary power supply (APS) application in evs,Industry Wolfspeed,,,gandluru_identifying_2024,43
S8NBI4WD,2021.0,Self-adaptive synchronous rectifier control algorithm of phase-shifted full bridge current double rectifier converter,Zhejiang Univ.,"Vin=280-400V, Vo=14V, fs=100kHz","Power=1.5kW, Eff_pk=0.93, Eff_avg = 0.913",ding_self-adaptive_2021,44
W5I2SP4V,2024.0,Multiport converter based auxiliary power supply for heavy duty fuel cell power train,ORNL,,,mukherjee_multiport_2024,45
V4B9BFMH,2021.0,An effective integration of APM and OBC with simultaneous operation and entire ZVS range for electric vehicle,Seoul Tech,,,yu_effective_2021,46
WALCI7AK,2023.0,Two-transformer phase-shift full-bridge converter with a new rectifier for reducing conduction loss,Inha Univ.,"Vin=300-400V, Vo=12V, fs=100kHz","Power=0.4kW, Eff_pk=0.937, Eff_avg = 0.91",jeong_two-transformer_2023,47
3LTFIZNH,2023.0,Zero-voltage-switching high-step-down buck converter with continuous output current,IUT,,,montazerolghaem_zero-voltage-switching_2023,48
S93ZWP5S,2012.0,Efficiency-optimized high-current dual active bridge converter for automotive applications,,,,krismer_efficiency-optimized_2012,49
CFJEJ8DZ,2013.0,Wide-Range ZVS Phase-Shift Full-Bridge Converter With Reduced Conduction Loss Caused by Circulating Current,,,,kim_wide-range_2013,50
WGEPS8VF,2014.0,Efficiency optimized single-stage reconfigurable DC/DC converter for hybrid and electric vehicles,Industry Infineon,"Vin=180-420V, Vo=10.6-16V, fs=100kHz","Power=1.05kW, Eff_pk=0.9",zeljkovic_efficiency_2014,51
VI57WME3,2020.0,Unidirectional three phase dual active bridge DC-DC converter used in electrical vehicles,,,,aouiti_unidirectional_2020,52
WXGLWHQ9,2008.0,A three-phase bidirectional DC-DC converter for automotive applications,ORNL,"Vin=250-400V, Vo=42V, fs=40kHz","Power=6kW, Eff_pk=0.959,  Eff_avg=0.948, Eff_low=0.95(1.5kW)",su_three-phase_2008,53
MMLQNX9V,2019.0,Design and operation of a fail-operational 5kW 800V-12V DC-DC converter,,,,bertino_design_2019,54
N9IIH8DE,,BCMs transform high-voltage batteries into SELV systems,,,,noauthor_bcms_nodate,55
CVMCAMHB,2010.0,for the degree of doctor of sciences,,,,krismer_for_2010,56
Z4L5ABDF,,ETH zurich power electronic systems laboratory physikstrasse 3 | ETL I12 8092 zurich | switzerland,,,,zhang_eth_nodate,57
UMSK6GHW,2016.0,High-frequency DC-DC converter in electric vehicle based on GaN transistors,,,,pang_high-frequency_2016,58
8U6NIID5,2015.0,Interleaved boost-integrated LLC resonant converter with fixed-frequency PWM control for renewable energy generation applications,,,,sun_interleaved_2015,59
NEAW83WH,2012.0,High frequency bus converter with low loss integrated matrix transformer,,,,reusch_high_2012,60
GZ83EA2X,2023.0,Variable Turns-Ratio Matrix Transformer based LLC Converter for Two-Stage Electric Vehicle Auxiliary Power Module Applications,,,,hou_variable_2023,61
BS7QXB32,2017.0,Dual-Bridge LLC Resonant Converter With Fixed-Frequency PWM Control for Wide Input Applications,,,,sun_dual-bridge_2017-1,62
JHPXTSUZ,2022.0,Implementation of an Auxiliary Low-Voltage DC Power Supply from an Electric Traction Open-Ended Motor Drive Configuration,,,,foti_implementation_2022,63
5LRWRN5C,2024.0,Interleaved PCB Winding Planar Transformer for Electric Vehicle Charging CLLC Converters,,,,wouters_interleaved_2024,64
4Y7UEVDT,2012.0,Design of a Highly efficient bidirectional isolated LLC resonant converter,ETH,"Vin=450V, Vo=17-56V, fs=140kHz","Power=1.65kW, Eff_pk=0.976, Eff_avg = 0.96",hillers_design_2012,65
XPFQFC7Y,,Vitesco Technologies - High Voltage DC/DC Converter - 4th Generation,Industry Vitesco Technologies,"Vin=245-450V, Vo=8-16V","Power=3.6kW, PD=1.5kW/L",noauthor_vitesco_nodate,66
TIUSW488,,Vitesco Technologies - High Voltage Power Electronics Inverter + DC/DC Converter,,,,noauthor_vitesco_nodate-3,67
SQ9DMVJA,,"PC32_Power supply_Passenger car solution_Products and Solutions_Suzhou Inovance Automotive Co., Ltd.",Industry Inovance Auomotive,,,noauthor_pc32_power_nodate,68
7YZ6IBGD,,"PC41_Power supply_Passenger car solution_Products and Solutions_Suzhou Inovance Automotive Co., Ltd.",Industry Inovance Auomotive,,,noauthor_pc41_power_nodate,69
JD6ZEGEX,2018.0,"PP30_Power supply_Passenger car solution_Products and Solutions_Suzhou Inovance Automotive Co., Ltd.",Industry Inovance Auomotive,"Vin=180-480V, Vo=9-16V","Power=3kW, Eff_pk=0.975,  Eff_avg=0.955, Eff_low=0.93",noauthor_pp30_power_2018,70
9GHGB9V5,,"PC36_Power supply_Passenger car solution_Products and Solutions_Suzhou Inovance Automotive Co., Ltd.",Industry Inovance Auomotive,,,noauthor_pc36_power_nodate,71
J6B93Z94,,Charger-converter,,,,noauthor_charger-converter_nodate,72
TW9UHIWR,2021.0,High-voltage DC/DC converter generation 3evo,Industry BOSCH,"Vin=240-475V, Vo=10.5-15.5V","Power=3.6kW, Eff_pk=0.95, Eff_avg=0.922",noauthor_high-voltage_2021,73
TJUGTU74,,Integrate SiC power electronics into EV fast chargers | Wolfspeed,,,,noauthor_integrate_nodate,74
QTTL4IRQ,,CRD-60DD12N-K 60 kW Discrete Interleaved LLC DC-DC Converter | Wolfspeed,,,,noauthor_crd-60dd12n-k_nodate,75
PT3PV3TK,,DC DC Converter 1500w | EMP EV MOBILITY,Industry ev mobility,"Vin=200-420V, Vo=6-18V","Power=1.5kW, PD=0.251kW/L(case), Eff_pk=0.951, Eff_avg = 0.92",noauthor_dc_nodate,76
7HDK2J6R,,"EV OBC DCD PDU 3 in 1 CDU Unit, Electric Drive Unit | EMP EV MOBILITY",,,,noauthor_ev_nodate,77
GVWAASJU,2021.0,400V DC/DC Converter - Delta,Industry Delta,"Vin=200-480V, Vo=9-16V","Power=2.5kW, PD=1.785kW/L(case),  Eff_pk=0.953,  Eff_avg=0.921",noauthor_400v_2021,78
D4ARSWJP,,48V DC/DC converter,,,,noauthor_48v_nodate,79
MAKMQZP3,2023.0,High-voltage DC/DC converter,Industry Eaton,"Vin=225-455V, Vo=12-16V","Power=3kW, PD=0.645kW/L(case), Eff_pk=0.941,  Eff_avg=0.927",noauthor_high-voltage_2023,80
ELZN8M3R,2022.0,800V DC/DC Converter - Delta,Industry Delta,"Vin=390-935V, Vo=9-16V","Power=3kW, PD=1.55kW/L(case) Eff_pk=0.943,  Eff_avg=0.955, Eff_low=0.92",noauthor_800v_2022,81
BWUL3IEC,,Learn more about Technology Innovation for the Next Gen of EVs,,,,noauthor_learn_nodate,82
B6AIILXE,2024.0,Unprecedented levels of  miniaturization in automotive  electronics,Industry Vicor,,,greg_unprecedented_2024,83
P2FHZBZ2,2024.0,Power modules meet EV power demands that have increased by 20x,Industry Vicor,"Vin=400V, Vo=13.8V, fs=1300kHz","Power=4kW, PD=5.22kW/L, Eff_pk=0.95,  Eff_avg=0.95",noauthor_power_2024,84
GN3Q6FPI,,"Automotive Innovation Day 2024 in Seoul, Korea",,,,noauthor_automotive_nodate,85
QJZ8VFCI,,Optimize your vehicle power distribution network by integrating the DC-DC converter into the battery pack,,,,choi_optimize_nodate,86
FE8YUYXZ,,"LSM4k0-400-2, 4kW LSM DC-DC - 400V in, 24V Out, Droop CS",Industry AstrodyneTDI,"Vin=290-430V, Vo=22-30V","Power=4kW, PD=1.16kW/L, Eff_pk=0.94,  Eff_avg=0.95",noauthor_lsm4k0-400-2_nodate,87
9JQG5Z24,,Variable Ratio Matrix Transformer based LLC Converter for Two-Stage Low-Voltage DC-DC Converter Efficiency Improvement,Virginia Tech,,,hou_variable_nodate,88
LSG4VF7S,,"350DNC40-12 - 4000W, 12V, DC-DC HEV Down Converter | Bel Fuse",Industry Bel Fuse Inc,"Vin=240-430V, Vo=9-16V","Power=4kW, PD=0.632kW/L, Eff_pk=0.93,  Eff_avg=0.91",noauthor_350dnc40-12_nodate,89
CEGEGETG,2023.0,"700DNG40-24-8 - 4000W, 24V, DC-DC HEV Down Converter | Bel Fuse",Industry Bel Fuse Inc,"Vin=450-900V, Vo=20-30V","Power=4kW, PD=0.776kW/L, Eff_pk=0.95,  Eff_avg=0.91",noauthor_700dng40-24-8_2023,90
IX2DTSW5,2023.0,"bsc6xx, DC/DC Converter - 125 A, 220 - 450 V, 24 V",Industry BRUSA HyPower,"Vin=220-450V, Vo=8-16V","Power=2.8kW, PD=0.889kW/L, Eff_pk=0.944,  Eff_avg=0.92",noauthor_bsc6xx_2023,91
GYZNK83S,,"BSC7xx, DC/DC converter - 190 - 480 V / 350 - 890 V",,,,noauthor_bsc7xx_nodate,92
GE2Z6K5P,,"DC/DC Converter - 3×400 VAC / 32 A, 700 VDC, 22 kW",Industry BRUSA HyPower,,,noauthor_dcdc_nodate-4,93
YCHN2GMY,2021.0,Efficiency-Optimized Modulation Scheme for Three-Phase Dual-Active-Bridge DC–DC Converter,,,,cunico_efficiency-optimized_2021,94
R84XQCCP,2019.0,Voltage-Fed Three-Phase Semi-Dual Active Bridge DC–DC Converter Utilizing Varying Operating Modes With High Conversion Efficiency,,,,sha_voltage-fed_2019,95
XSEV2QY2,,Gen5 High Voltage DC/DC,Industry BorgWarner,"Vin=220-800V, Vo=12V","Power=1.2kW, PD=0.242kW/L(case), Eff_pk=0.93, Eff_avg = 0.92",noauthor_gen5_nodate,96
IKQH37F2,2019.0,A High Step-down DC-DC Converter with Matrix-Transformer and Wide Voltage Gain for Vehicle Power Supply Applications,,,,xu_high_2019,97
UI27D7B2,2015.0,Naturally Clamped Soft-Switching Current-Fed Three-Phase Bidirectional DC/DC Converter,,,,xuewei_naturally_2015,98
6W6P8GCM,2011.0,Optimization of a 5-kW Telecom Phase-Shift DC–DC Converter With Magnetically Integrated Current Doubler,,,,badstuebner_optimization_2011,99
TQHUQYIR,2019.0,Phase-Shifted Full-Bridge DC–DC Converter With High Efficiency and High Power Density Using Center-Tapped Clamp Circuit for Battery Charging in Electric Vehicles,,,,lim_phase-shifted_2019,100
J5YUQQFU,2020.0,Half-Bridge Integrated Phase-Shifted Full-Bridge Converter With High Efficiency Using Center-Tapped Clamp Circuit for Battery Charging Systems in Electric Vehicles,,,,lim_half-bridge_2020,101
Q27N9EE3,2022.0,Design Methodology Based on Dual Control of a Resonant Dual Active Bridge Converter for Electric Vehicle Battery Charging,,,,mirtchev_design_2022,102
KUC9FYQ7,2022.0,Adaptive Modulation of Resonant DAB Converters for Wide Range ZVS Operation With Minimum Reactive Circulating Power,,,,james_adaptive_2022,103
FEMNLBC3,2023.0,A GaN Variable-Frequency Series Resonant Dual-Active-Bridge Bidirectional AC-DC Converter for Battery Energy Storage System,,,,zou_gan_2023,104
GWQ2UJFG,2021.0,Hybrid-PWM-Controlled Current-Fed Bidirectional Series Resonant Converter With Low Current Ripple and Wide Voltage Gain,,,,gu_hybrid-pwm-controlled_2021,105
UKW2V2W6,2024.0,Phase-Shift Full-Bridge (PSFB) Converter Integrated Double-Inductor Rectifier With Separated Resonant Circuits (SRCs) for 800-V High-Power Electric Vehicles,,,,pei_phase-shift_2024,106
VGBMSKV7,2022.0,Design and Implementation of a Two-Stage Resonant Converter for Wide Output Range Operation,,,,zanatta_design_2022,107
7YRU3PER,2024.0,An Interleaved Current-Fed Integrated LLC Resonant Converter With Input Current Ripple Cancellation,,,,gu_interleaved_2024,108
B2ZKLPK8,,Dynamic Optimization for Dual-Active-Bridge-Based DC-DC Converter Systems by,,,,hou_dynamic_nodate-1,109
B8J43FAJ,,Analysis and design of a Series Resonant Current-Fed Dual Half-Bridge converter,,,,spiazzi_analysis_nodate-1,110
ATET4KMW,2021.0,Highly Efficient Bidirectional Current-Fed Resonant Converter Over a Wide Voltage Gain Range,,,,kim_highly_2021,111
92MV2RPZ,2021.0,PWM-Controlled Series Resonant Converter for Universal Electric Vehicle Charger,,,,kim_pwm-controlled_2021,112
UZKFINRE,2019.0,A Structure-Reconfigurable Series Resonant DC–DC Converter With Wide-Input and Configurable-Output Voltages,,,,shen_structure-reconfigurable_2019,113
J2H9K8GY,2012.0,Analysis and Design of a Three-Level LLC Series Resonant Converter for High- and Wide-Input-Voltage Applications,,,,lee_analysis_2012,114
EA9SA6V9,2017.0,Interleaved LLC Resonant Converter With Hybrid Rectifier and Variable-Frequency Plus Phase-Shift Control for Wide Output Voltage Range Applications,,,,wu_interleaved_2017,115
NVF6KPA8,,A Bidirectional Resonant DC–DC Converter Suitable for Wide Voltage Gain Range,,,,noauthor_bidirectional_nodate-2,116
YDIR8WHU,,A Structure-Reconfigurable Series Resonant DC–DC Converter With Wide-Input and Configurable-Output Voltages,,,,noauthor_structure-reconfigurable_nodate,117
VK53LW7W,2021.0,Bidirectional Current-Fed CLLC Resonant Converter Employing Asymmetric PWM,,,,park_bidirectional_2021,118
T86NNX25,2024.0,DCDC LP Converters,Industry BrightLoop,"Vin=200-950V, Vo=9-56V","Power=9.6 kW, PD=8.38kW/L, Eff_pk=0.96, Eff_avg=0.94",noauthor_dcdc_2024-2,119
4WDLXTQF,2024.0,BRIGHTLOOP | Automotive Application for GaN Semiconductors,,,,noauthor_brightloop_2024,120
IM85GF8T,,VITESCO TECHNOLOGIES | Automotive Application for GaN Semiconductors,Industry Vitesco Technologies,"Vin=400-800V, Vo=12-48V","Power=4kW, PD=4.5kW/L",noauthor_vitesco_nodate-2,121
IBVBCEV8,,HELLA | Automotive Application for GaN Semiconductors,,,,noauthor_hella_nodate,122
PE86SFTA,2024.0,DCDC MP Converters,Industry BrightLoop,"Vin=200-950V, Vo=9-56V","Power=4.8 kW, PD=2.38kW/L, Eff_pk=0.96, Eff_avg=0.94",noauthor_dcdc_2024,123
KGKHRV8S,2024.0,DCDC SP Converters,Industry BrightLoop,"Vin=200-950V, Vo=9-56V","Power=1.9kW, PD=3.366kW/L, Eff_pk=0.96, Eff_avg=0.94",noauthor_dcdc_2024-1,124
